<?xml version="1.0" encoding="UTF-8"?>
<project-private xmlns="http://www.netbeans.org/ns/project-private/1">
    <editor-bookmarks xmlns="http://www.netbeans.org/ns/editor-bookmarks/2" lastBookmarkId="0"/>
    <open-files xmlns="http://www.netbeans.org/ns/projectui-open-files/2">
        <group>
            <file>file:/D:/Users/basne3/src/basne3/Login/MainFrame.java</file>
            <file>file:/D:/Users/basne3/src/basne3/Admin/Pegawai/FormTambahPegawai.java</file>
            <file>file:/D:/Users/basne3/src/basne3/Config/TestConnection.java</file>
            <file>file:/D:/Users/basne3/src/basne3/Admin/Stok/FormEditStok.java</file>
            <file>file:/D:/Users/basne3/src/basne3/Admin/Pegawai/FormLihatPegawai.java</file>
            <file>file:/D:/Users/basne3/src/basne3/Admin/Pegawai/FormEditPegawai.java</file>
            <file>file:/D:/Users/basne3/src/basne3/Admin/Pegawai/FormHapusPegawai.java</file>
            <file>file:/D:/Users/basne3/src/basne3/Admin/Stok/FormTambahStok.java</file>
            <file>file:/D:/Users/basne3/src/basne3/Admin/User/FormLihatUser.java</file>
            <file>file:/D:/Users/basne3/src/basne3/Config/DatabaseConnection.java</file>
            <file>file:/D:/Users/basne3/src/basne3/Admin/User/FormTambahUser.java</file>
            <file>file:/D:/Users/basne3/src/basne3/Admin/User/FormHapusUser.java</file>
            <file>file:/D:/Users/basne3/src/basne3/Admin/User/FormEditUser.java</file>
            <file>file:/D:/Users/basne3/src/basne3/Admin/Pegawai/Pegawai.java</file>
            <file>file:/D:/Users/basne3/src/basne3/Login/LoginFrame.java</file>
            <file>file:/D:/Users/basne3/src/basne3/Admin/Transaksi/FormLihatTransaksi.java</file>
            <file>file:/D:/Users/basne3/src/basne3/Admin/Transaksi/FormTambahTransaksi.java</file>
            <file>file:/D:/Users/basne3/src/basne3/Admin/Stok/FormLihatStok.java</file>
            <file>file:/D:/Users/basne3/src/basne3/Admin/Stok/FormHapusStok.java</file>
        </group>
    </open-files>
</project-private>
